Gene_set,Term,Overlap,P-value,Adjusted P-value,Old P-value,Old Adjusted P-value,Odds Ratio,Combined Score,Genes
Reactome_2022,Synthesis Of 5-Eicosatetraenoic Acids R-HSA-2142688,3/9,6.299287786297894e-11,4.409501450408526e-10,0,0,59973.0,1408645.7907582622,PON3;PON2;PON1
Reactome_2022,Arachidonic Acid Metabolism R-HSA-2142753,3/59,2.4381834947388534e-08,8.533642231585987e-08,0,0,59823.0,1048662.9384174156,PON3;PON2;PON1
Reactome_2022,Atorvastatin ADME R-HSA-9754706,2/9,5.398473530773135e-07,1.1131192960775472e-06,0,0,5711.428571428572,82427.21958358576,PON3;PON1
Reactome_2022,Fatty Acid Metabolism R-HSA-8978868,3/173,6.360681691871698e-07,1.1131192960775472e-06,0,0,59481.0,848672.5344162597,PON3;PON2;PON1
Reactome_2022,Metabolism Of Lipids R-HSA-556833,3/732,4.88321751924866e-05,6.836504526948124e-05,0,0,57804.0,573827.3100673843,PON3;PON2;PON1
Reactome_2022,Drug ADME R-HSA-9748784,2/95,6.676774316612702e-05,7.789570036048152e-05,0,0,428.0430107526882,4115.329843645542,PON3;PON1
Reactome_2022,Metabolism R-HSA-1430728,3/2049,0.0010738787152023,0.0010738787152023,0,0,53853.0,368164.8614410649,PON3;PON2;PON1
