{
    "algorithm": "edge_betweenness",
    "best_modularity": 0.050387258904012716,
    "communities": [
        [
            "PON1",
            "PON3"
        ],
        [
            "ALS2",
            "C9orf72",
            "CHMP2B",
            "DCTN1",
            "FIG4",
            "FUS",
            "OPTN",
            "SETX",
            "SOD1",
            "SQSTM1",
            "TARDBP",
            "UBQLN2",
            "VAPB",
            "VCP"
        ],
        [
            "SPG11"
        ],
        [
            "ATXN2"
        ],
        [
            "PFN1"
        ],
        [
            "TUBA4A"
        ],
        [
            "ERBB4",
            "PSEN1",
            "TREM2"
        ],
        [
            "CHCHD10"
        ],
        [
            "TBK1"
        ],
        [
            "NEFH"
        ],
        [
            "CCNF"
        ],
        [
            "TAF15"
        ],
        [
            "TIA1"
        ],
        [
            "MAPT"
        ],
        [
            "MATR3"
        ],
        [
            "HNRNPA1"
        ],
        [
            "HNRNPA2B1"
        ],
        [
            "PRPH"
        ],
        [
            "CFAP410"
        ],
        [
            "NEK1"
        ],
        [
            "PPARGC1A"
        ],
        [
            "SIGMAR1"
        ],
        [
            "KIF5A"
        ],
        [
            "CYLD"
        ]
    ],
    "modularity_trace": [
        0.013427667219212517,
        0.013427667219212517,
        0.013427667219212517,
        0.013427667219212517,
        0.034288782594367365,
        0.034071582469356765,
        0.033897510500606944,
        0.03365611256015564,
        0.03365611256015564,
        0.0330742114963069,
        0.0330742114963069,
        0.032423297874084274,
        0.032423297874084274,
        0.03179395286992903,
        0.03179395286992903,
        0.03179395286992903,
        0.030757709507693968,
        0.030757709507693968,
        0.030757709507693968,
        0.029594863036780824,
        0.029594863036780824,
        0.029594863036780824,
        0.027910646859012424,
        0.027910646859012424,
        0.027910646859012424,
        0.027910646859012424,
        0.025641121371786868,
        0.025641121371786868,
        0.025641121371786868,
        0.028548206854604453,
        0.028548206854604453,
        0.028548206854604453,
        0.032678724095790986,
        0.032678724095790986,
        0.032678724095790986,
        0.032678724095790986,
        0.032678724095790986,
        0.032678724095790986,
        0.03230793455237139,
        0.03230793455237139,
        0.03230793455237139,
        0.03230793455237139,
        0.03230793455237139,
        0.03230793455237139,
        0.030911359866029237,
        0.030911359866029237,
        0.030911359866029237,
        0.030911359866029237,
        0.030911359866029237,
        0.030911359866029237,
        0.034269926289445564,
        0.034269926289445564,
        0.034269926289445564,
        0.034269926289445564,
        0.034269926289445564,
        0.034269926289445564,
        0.040703656299855784,
        0.040703656299855784,
        0.040703656299855784,
        0.040703656299855784,
        0.040703656299855784,
        0.040703656299855784,
        0.040703656299855784,
        0.04489526525599968,
        0.04489526525599968,
        0.04489526525599968,
        0.04489526525599968,
        0.04489526525599968,
        0.04489526525599968,
        0.04459784653584197,
        0.04459784653584197,
        0.04459784653584197,
        0.04459784653584197,
        0.04459784653584197,
        0.04459784653584197,
        0.04459784653584197,
        0.048369314586068406,
        0.048369314586068406,
        0.048369314586068406,
        0.048369314586068406,
        0.048369314586068406,
        0.048369314586068406,
        0.048369314586068406,
        0.045526181302931956,
        0.045526181302931956,
        0.045526181302931956,
        0.045526181302931956,
        0.045526181302931956,
        0.045526181302931956,
        0.045526181302931956,
        0.050387258904012716,
        0.04544905754805864,
        0.04544905754805864,
        0.04544905754805864,
        0.04544905754805864,
        0.04544905754805864,
        0.04544905754805864,
        0.04544905754805886,
        0.04544905754805886,
        0.04544905754805886,
        0.03211477953128682,
        0.03211477953128682,
        0.03211477953128682,
        0.03211477953128682,
        0.03211477953128682,
        0.03211477953128682,
        0.03211477953128682,
        0.03211477953128682,
        0.03211477953128682,
        0.023326160716801367,
        0.023326160716801367,
        0.023326160716801367,
        0.023326160716801367,
        0.023326160716801367,
        0.023326160716801367,
        0.023326160716801367,
        0.023326160716801367,
        0.023326160716801367,
        0.023326160716801367,
        0.008563855877479362,
        0.008563855877479362,
        0.008563855877479362,
        0.008563855877479362,
        0.008563855877479362,
        0.008563855877479362,
        0.008563855877479362,
        -0.004222010296445415,
        -0.004222010296445415,
        -0.004222010296445415,
        -0.004222010296445415,
        -0.004222010296445415,
        -0.004222010296445415,
        -0.004222010296445415,
        -0.007768743073349123,
        -0.007768743073349178,
        -0.007768743073349178,
        -0.007768743073349178,
        -0.007768743073349178,
        -0.007768743073349178,
        -0.007768743073349178,
        -0.006840199743539563,
        -0.013576878940804766,
        -0.013576878940804766,
        -0.013576878940804766,
        -0.013576878940804766,
        -0.013576878940804766,
        -0.013576878940804766,
        -0.013576878940804766,
        -0.01899546701757454,
        -0.01899546701757454,
        -0.01899546701757454,
        -0.01899546701757454,
        -0.01899546701757454,
        -0.01899546701757454,
        -0.0271946265460432,
        -0.0271946265460432,
        -0.0271946265460432,
        -0.0271946265460432,
        -0.0271946265460432,
        -0.03419997615920317,
        -0.03419997615920317,
        -0.03419997615920317,
        -0.03419997615920317,
        -0.02887612781641514,
        -0.02887612781641514,
        -0.02887612781641514,
        -0.03132448771641369,
        -0.03132448771641369,
        -0.031511712357211015,
        -0.03362964385315495
    ]
}