{
    "algorithm": "edge_betweenness",
    "best_modularity": 0.3199575466811214,
    "communities": [
        [
            "PON1",
            "PON3"
        ],
        [
            "ALS2",
            "SETX"
        ],
        [
            "FUS",
            "HNRNPA1",
            "HNRNPA2B1",
            "MATR3",
            "TARDBP",
            "UBQLN2",
            "VCP"
        ],
        [
            "TIA1"
        ],
        [
            "CYLD",
            "OPTN",
            "SOD1",
            "SQSTM1",
            "TBK1"
        ],
        [
            "MAPT",
            "PSEN1"
        ],
        [
            "PPARGC1A"
        ]
    ],
    "modularity_trace": [
        0.10914403248989048,
        0.10914403248989048,
        0.1538982547131013,
        0.15024370659507436,
        0.14603861204615345,
        0.14603861204615345,
        0.14603861204615345,
        0.14603861204615345,
        0.14603861204615345,
        0.14603861204615345,
        0.3199575466811214,
        0.3199575466811214,
        0.29022521392219475,
        0.29022521392219475,
        0.2816580276084711,
        0.2816580276084711,
        0.26409689481649806,
        0.26409689481649806,
        0.26409689481649806,
        0.2105835512698732,
        0.18177265469269782,
        0.1543864550642197,
        0.1543864550642197,
        0.1543864550642197,
        0.13584867047751456,
        0.13584867047751456,
        0.13584867047751456,
        0.07350083025413581,
        0.07350083025413584,
        0.0326767292285771,
        0.00491056644925739,
        0.00491056644925739,
        -0.03584768486946523,
        -0.05538574074714284
    ]
}