Gene_set,Term,Overlap,P-value,Adjusted P-value,Old P-value,Old Adjusted P-value,Odds Ratio,Combined Score,Genes
KEGG_2021_Human,Amyotrophic lateral sclerosis,7/364,4.9188113155675614e-12,3.935049052454049e-11,0,0,385.0,10024.61237359961,VCP;FUS;HNRNPA2B1;MATR3;TARDBP;HNRNPA1;UBQLN2
KEGG_2021_Human,mRNA surveillance pathway,2/98,0.0006527714849626119,0.0018186941394299,0,0,69.08333333333333,506.6767473974053,FUS;TARDBP
KEGG_2021_Human,Pathways of neurodegeneration,3/475,0.0006820103022862158,0.0018186941394299,0,0,24.8135593220339,180.9024054707173,VCP;FUS;TARDBP
KEGG_2021_Human,Spliceosome,2/150,0.0015188640882368,0.0030377281764737,0,0,44.693693693693696,290.05279964440666,FUS;HNRNPA1
KEGG_2021_Human,Protein processing in endoplasmic reticulum,2/171,0.0019672480994032,0.003095508223537,0,0,39.09861932938856,243.62817388799616,VCP;UBQLN2
KEGG_2021_Human,RNA transport,2/186,0.0023216311676527,0.003095508223537,0,0,35.88405797101449,217.65422436383668,FUS;TARDBP
KEGG_2021_Human,Legionellosis,1/57,0.0225776122579708,0.0258029854376809,0,0,50.85714285714285,192.78907770536532,VCP
KEGG_2021_Human,Transcriptional misregulation in cancer,1/192,0.0742807590185366,0.0742807590185366,0,0,14.81002243829469,38.50462656889652,FUS
