{
    "algorithm": "edge_betweenness",
    "best_modularity": 0.02427464628072104,
    "communities": [
        [
            "PON1",
            "PON2",
            "PON3"
        ],
        [
            "ALS2",
            "ANG",
            "ANXA11",
            "CCNF",
            "CHCHD10",
            "CHMP2B",
            "CYLD",
            "DAO",
            "FUS",
            "GLE1",
            "GLT8D1",
            "HNRNPA1",
            "HNRNPA2B1",
            "MAPT",
            "MATR3",
            "OPTN",
            "PPARGC1A",
            "PSEN1",
            "SETX",
            "SIGMAR1",
            "SOD1",
            "SPG11",
            "SPTLC1",
            "SQSTM1",
            "TARDBP",
            "TBK1",
            "TIA1",
            "TREM2",
            "TRPM7",
            "UBQLN2",
            "VAPB",
            "VCP"
        ]
    ],
    "modularity_trace": [
        -1.1102230246251565e-15,
        -1.1102230246251565e-15,
        0.02427464628072104,
        0.02424678502336858,
        0.02424678502336858,
        0.024163294112748115,
        0.024163294112748115,
        0.024163294112748115,
        0.024163294112748115,
        0.023665647281465665,
        0.023665647281465665,
        0.023665647281465665,
        0.023665647281465665,
        0.023665647281465665,
        0.023324426175087395,
        0.023324426175087395,
        0.023324426175087395,
        0.023324426175087395,
        0.023324426175087395,
        0.022975194879595408,
        0.022975194879595408,
        0.022975194879595408,
        0.022975194879595408,
        0.022975194879595408,
        0.022975194879595408,
        0.022975194879595408,
        0.02211741409829498,
        0.02211741409829498,
        0.02211741409829498,
        0.02211741409829498,
        0.02211741409829498,
        0.02211741409829498,
        0.02211741409829498,
        0.02211741409829498,
        0.02211741409829498,
        0.02211741409829498,
        0.02211741409829498,
        0.02211741409829498,
        0.020176902827069312,
        0.020176902827069312,
        0.020176902827069312,
        0.020176902827069312,
        0.020176902827069312,
        0.020176902827069312,
        0.020176902827069312,
        0.020176902827069312,
        0.020176902827069312,
        0.020176902827069312,
        0.020176902827069312,
        0.020176902827069312,
        0.020176902827069312,
        0.017543197243181152,
        0.017543197243181152,
        0.017543197243181152,
        0.017543197243181152,
        0.017543197243181152,
        0.017543197243181152,
        0.017543197243181152,
        0.017543197243181152,
        0.017543197243181152,
        0.017543197243181152,
        0.017543197243181152,
        0.017543197243181152,
        0.017543197243181152,
        0.01673419026859443,
        0.01673419026859443,
        0.01673419026859443,
        0.01673419026859443,
        0.01673419026859443,
        0.01673419026859443,
        0.01673419026859443,
        0.01673419026859443,
        0.01673419026859443,
        0.01673419026859443,
        0.01673419026859443,
        0.01673419026859443,
        0.01673419026859443,
        0.013143361926649003,
        0.013143361926649003,
        0.013143361926649003,
        0.013143361926649003,
        0.013143361926649003,
        0.013143361926649003,
        0.013143361926649003,
        0.013143361926649003,
        0.013143361926649003,
        0.013143361926649003,
        0.013143361926649003,
        0.013143361926649003,
        0.013143361926649003,
        0.013143361926649003,
        0.013143361926649003,
        0.017498484755536378,
        0.017498484755536378,
        0.017498484755536378,
        0.017498484755536378,
        0.017498484755536378,
        0.017498484755536378,
        0.017498484755536378,
        0.017498484755536378,
        0.017498484755536378,
        0.017498484755536378,
        0.017498484755536378,
        0.017498484755536378,
        0.017498484755536378,
        0.017498484755536378,
        0.017498484755536378,
        0.017498484755536378,
        0.012713431757667735,
        0.012713431757667735,
        0.012713431757667735,
        0.012713431757667735,
        0.012713431757667735,
        0.012713431757667735,
        0.012713431757667735,
        0.012713431757667735,
        0.012713431757667735,
        0.012713431757667735,
        0.012713431757667735,
        0.012713431757667735,
        0.012713431757667735,
        0.012713431757667735,
        0.012713431757667735,
        0.007688315321147289,
        0.007688315321147289,
        0.007688315321147289,
        0.007688315321147289,
        0.007688315321147289,
        0.007688315321147289,
        0.007688315321147289,
        0.007688315321147289,
        0.007688315321147289,
        0.007688315321147289,
        0.007688315321147289,
        0.007688315321147289,
        0.007688315321147289,
        0.007688315321147289,
        0.007688315321147289,
        0.007688315321147289,
        0.007688315321147289,
        0.00013412968856219736,
        0.00013412968856219736,
        -0.00820480258426075,
        -0.00820480258426075,
        -0.00820480258426075,
        -0.00820480258426075,
        -0.00820480258426075,
        -0.00820480258426075,
        -0.00820480258426075,
        -0.00820480258426075,
        -0.00820480258426075,
        -0.00820480258426075,
        -0.00820480258426075,
        -0.00820480258426075,
        -0.00820480258426075,
        -0.00820480258426075,
        -0.00820480258426075,
        -0.00820480258426075,
        -0.00820480258426075,
        -0.006531399891563895,
        -0.01040355540376697,
        -0.01040355540376697,
        -0.01040355540376697,
        -0.01040355540376697,
        -0.01040355540376697,
        -0.01040355540376697,
        -0.01040355540376697,
        -0.01040355540376697,
        -0.01040355540376697,
        -0.01040355540376697,
        -0.01040355540376697,
        -0.01040355540376697,
        -0.01040355540376697,
        -0.01040355540376697,
        -0.01040355540376697,
        -0.01040355540376697,
        -0.013969906686781105,
        -0.013969906686781105,
        -0.013969906686781105,
        -0.013969906686781105,
        -0.013969906686781105,
        -0.013969906686781105,
        -0.013969906686781105,
        -0.013969906686781105,
        -0.013969906686781105,
        -0.013969906686781105,
        -0.013969906686781105,
        -0.013969906686781105,
        -0.013969906686781105,
        -0.013969906686781105,
        -0.013969906686781105,
        -0.01431644575083459,
        -0.01431644575083459,
        -0.0143164457508347,
        -0.0143164457508347,
        -0.0143164457508347,
        -0.014316445750834534,
        -0.014316445750834534,
        -0.014316445750834367,
        -0.014316445750834367,
        -0.014316445750834367,
        -0.014316445750834478,
        -0.014316445750834478,
        -0.014316445750834478,
        -0.014316445750834478,
        -0.019415524176546444,
        -0.019415524176546444,
        -0.019415524176546555,
        -0.019415524176546555,
        -0.019415524176546444,
        -0.019415524176546444,
        -0.019415524176546444,
        -0.019415524176546444,
        -0.019415524176546666,
        -0.019415524176546666,
        -0.019415524176546666,
        -0.019415524176546666,
        -0.019415524176546444,
        -0.018469751570327247,
        -0.018469751570327247,
        -0.018469751570327247,
        -0.018469751570327247,
        -0.018469751570327302,
        -0.018469751570327302,
        -0.018469751570327302,
        -0.018469751570327302,
        -0.018469751570327247,
        -0.018469751570327247,
        -0.018469751570327247,
        -0.018469751570327247,
        -0.025590741127286334,
        -0.025590741127286334,
        -0.02559074112728628,
        -0.02559074112728628,
        -0.02559074112728628,
