Gene_set,Term,Overlap,P-value,Adjusted P-value,Old P-value,Old Adjusted P-value,Odds Ratio,Combined Score,Genes
KEGG_2021_Human,Alzheimer disease,2/369,0.0010060069627911,0.0074792176814229,0,0,106.97547683923706,738.3197394847678,MAPT;PSEN1
KEGG_2021_Human,Pathways of neurodegeneration,2/475,0.0016620483736495,0.0074792176814229,0,0,82.553911205074,528.3206351566486,MAPT;PSEN1
KEGG_2021_Human,Notch signaling pathway,1/59,0.0088242627423081,0.0264727882269243,0,0,171.88793103448276,813.0729238663458,PSEN1
KEGG_2021_Human,Neurotrophin signaling pathway,1/119,0.0177447437885405,0.0340741490256654,0,0,84.23305084745763,339.5995214082985,PSEN1
KEGG_2021_Human,Osteoclast differentiation,1/127,0.0189300827920363,0.0340741490256654,0,0,78.85317460317461,312.81077549345065,TREM2
KEGG_2021_Human,Wnt signaling pathway,1/166,0.0246949585446241,0.0370424378169362,0,0,60.096969696969694,222.4282698127944,PSEN1
KEGG_2021_Human,Parkinson disease,1/249,0.0368885400728529,0.0474281229508108,0,0,39.81653225806452,131.38875690703708,MAPT
KEGG_2021_Human,MAPK signaling pathway,1/294,0.0434568279762164,0.0488349958895173,0,0,33.62457337883959,105.44623488285704,MAPT
KEGG_2021_Human,Human papillomavirus infection,1/331,0.0488349958895173,0.0488349958895173,0,0,29.798484848484847,89.9708064995216,PSEN1
