Gene_set,Term,Overlap,P-value,Adjusted P-value,Old P-value,Old Adjusted P-value,Odds Ratio,Combined Score,Genes
KEGG_2021_Human,Amyotrophic lateral sclerosis,7/364,6.245774628693871e-13,4.996619702955097e-12,0,0,137452.0,3862635.0104173967,VCP;FUS;HNRNPA2B1;MATR3;TARDBP;HNRNPA1;UBQLN2
KEGG_2021_Human,Pathways of neurodegeneration,3/475,0.0004339003775842174,0.0013097242860196,0,0,31.01853813559322,240.16709858425,VCP;FUS;TARDBP
KEGG_2021_Human,mRNA surveillance pathway,2/98,0.0004911466072573523,0.0013097242860196,0,0,82.90416666666667,631.6276025840689,FUS;TARDBP
KEGG_2021_Human,Spliceosome,2/150,0.0011447777472071,0.0022895554944142,0,0,53.63513513513514,363.2463538436442,FUS;HNRNPA1
KEGG_2021_Human,Protein processing in endoplasmic reticulum,2/171,0.0014837649039331,0.0023359030127718,0,0,46.9207100591716,305.6026815964338,VCP;UBQLN2
KEGG_2021_Human,RNA transport,2/186,0.0017519272595788,0.0023359030127718,0,0,43.06304347826087,273.32280805388393,FUS;TARDBP
KEGG_2021_Human,Legionellosis,1/57,0.0197830271154541,0.0226091738462333,0,0,59.336309523809526,232.7722436237054,VCP
KEGG_2021_Human,Transcriptional misregulation in cancer,1/192,0.065304559024828,0.065304559024828,0,0,17.279232111692846,47.149727113114224,FUS
