Gene_set,Term,Overlap,P-value,Adjusted P-value,Old P-value,Old Adjusted P-value,Odds Ratio,Combined Score,Genes
Reactome_2022,RAB GEFs Exchange GTP For GDP On RABs R-HSA-8876198,1/89,0.0176827130771261,0.1053898594620679,0,0,75.4090909090909,304.2883338768032,ALS2
Reactome_2022,Rab Regulation Of Trafficking R-HSA-9007101,1/122,0.0241792768997073,0.1053898594620679,0,0,54.75206611570248,203.80138943610075,ALS2
Reactome_2022,RAC1 GTPase Cycle R-HSA-9013149,1/178,0.0351299531540226,0.1053898594620679,0,0,37.32391713747646,124.9866440992687,ALS2
Reactome_2022,RHO GTPase Cycle R-HSA-9012999,1/441,0.0853313264812634,0.1413193239505506,0,0,14.815151515151516,36.46325300620133,ALS2
Reactome_2022,Membrane Trafficking R-HSA-199991,1/599,0.1145325168075383,0.1413193239505506,0,0,10.812709030100336,23.430021425501664,ALS2
Reactome_2022,Vesicle-mediated Transport R-HSA-5653656,1/637,0.1214500110726333,0.1413193239505506,0,0,10.146750524109017,21.39191248771509,ALS2
Reactome_2022,Signaling By Rho GTPases R-HSA-194315,1/644,0.1227198521965418,0.1413193239505506,0,0,10.032659409020216,21.04702603623052,ALS2
Reactome_2022,"Signaling By Rho GTPases, Miro GTPases And RHOBTB3 R-HSA-9716542",1/660,0.1256171768449338,0.1413193239505506,0,0,9.780981284774912,20.29080487031221,ALS2
Reactome_2022,Signal Transduction R-HSA-162582,1/2465,0.4091392257928377,0.4091392257928377,0,0,2.3717532467532467,2.11963534417102,ALS2
