Gene_set,Term,Overlap,P-value,Adjusted P-value,Old P-value,Old Adjusted P-value,Odds Ratio,Combined Score,Genes
KEGG_2021_Human,Amyotrophic lateral sclerosis,8/364,4.861031339401831e-13,4.374928205461648e-12,0,0,220.6067415730337,6254.720781255515,ATXN2;VCP;FUS;HNRNPA2B1;MATR3;TARDBP;HNRNPA1;UBQLN2
KEGG_2021_Human,Pathways of neurodegeneration,4/475,5.8885577283189136e-05,0.00026498509777435114,0,0,27.627742392073603,269.09184500120284,ATXN2;VCP;FUS;TARDBP
KEGG_2021_Human,mRNA surveillance pathway,2/98,0.0010424119627603,0.0031272358882811,0,0,51.80729166666666,355.7201614766498,FUS;TARDBP
KEGG_2021_Human,Spliceosome,2/150,0.0024171012251306,0.0054384777565439,0,0,33.516891891891895,201.94551776695783,FUS;HNRNPA1
KEGG_2021_Human,Protein processing in endoplasmic reticulum,2/171,0.0031262872703132,0.0055286797166946,0,0,29.321005917159763,169.1208984373564,VCP;UBQLN2
KEGG_2021_Human,RNA transport,2/186,0.0036857864777964,0.0055286797166946,0,0,26.910326086956523,150.78585916343565,FUS;TARDBP
KEGG_2021_Human,Legionellosis,1/57,0.0281433225032358,0.0361842717898746,0,0,39.5515873015873,141.21677360109922,VCP
KEGG_2021_Human,Spinocerebellar ataxia,1/143,0.0692576181978487,0.0779148204725798,0,0,15.530516431924882,41.46526951018726,ATXN2
KEGG_2021_Human,Transcriptional misregulation in cancer,1/192,0.0919767065184695,0.0919767065184695,0,0,11.517742873763815,27.48386752497333,FUS
