Gene_set,Term,Overlap,P-value,Adjusted P-value,Old P-value,Old Adjusted P-value,Odds Ratio,Combined Score,Genes
KEGG_2021_Human,Amyotrophic lateral sclerosis,6/364,9.471150539351226e-10,7.57692043148098e-09,0,0,164.53072625698323,3418.553706239052,ATXN2;FUS;HNRNPA2B1;MATR3;TARDBP;HNRNPA1
KEGG_2021_Human,mRNA surveillance pathway,2/98,0.0006527714849626119,0.0018186941394299,0,0,69.08333333333333,506.6767473974053,FUS;TARDBP
KEGG_2021_Human,Pathways of neurodegeneration,3/475,0.0006820103022862158,0.0018186941394299,0,0,24.8135593220339,180.9024054707173,ATXN2;FUS;TARDBP
KEGG_2021_Human,Spliceosome,2/150,0.0015188640882368,0.0030377281764737,0,0,44.693693693693696,290.05279964440666,FUS;HNRNPA1
KEGG_2021_Human,RNA transport,2/186,0.0023216311676527,0.0032950316250431,0,0,35.88405797101449,217.65422436383668,FUS;TARDBP
KEGG_2021_Human,Transcriptional misregulation in cancer,2/192,0.0024712737187823,0.0032950316250431,0,0,34.74035087719298,208.54707620838732,TAF15;FUS
KEGG_2021_Human,Basal transcription factors,1/45,0.0178618448998742,0.0204135370284277,0,0,64.76623376623377,260.6898169568008,TAF15
KEGG_2021_Human,Spinocerebellar ataxia,1/143,0.0557981302248326,0.0557981302248326,0,0,19.96981891348089,57.63319530748088,ATXN2
