Gene_set,Term,Overlap,P-value,Adjusted P-value,Old P-value,Old Adjusted P-value,Odds Ratio,Combined Score,Genes
KEGG_2021_Human,Amyotrophic lateral sclerosis,6/364,2.4046162650131985e-10,1.442769759007919e-09,0,0,329.0782122905028,7288.575818010598,FUS;HNRNPA2B1;CHCHD10;MATR3;TARDBP;HNRNPA1
KEGG_2021_Human,mRNA surveillance pathway,2/98,0.0004911466072573523,0.001473439821772,0,0,82.90416666666667,631.6276025840689,FUS;TARDBP
KEGG_2021_Human,Spliceosome,2/150,0.0011447777472071,0.0022895554944142,0,0,53.63513513513514,363.2463538436442,FUS;HNRNPA1
KEGG_2021_Human,RNA transport,2/186,0.0017519272595788,0.0026278908893683,0,0,43.06304347826087,273.32280805388393,FUS;TARDBP
KEGG_2021_Human,Pathways of neurodegeneration,2/475,0.0109212512703307,0.0131055015243968,0,0,16.507399577167018,74.56466226661833,FUS;TARDBP
KEGG_2021_Human,Transcriptional misregulation in cancer,1/192,0.065304559024828,0.065304559024828,0,0,17.279232111692846,47.149727113114224,FUS
