Gene_set,Term,Overlap,P-value,Adjusted P-value,Old P-value,Old Adjusted P-value,Odds Ratio,Combined Score,Genes
KEGG_2021_Human,Amyotrophic lateral sclerosis,8/364,9.877964595785681e-14,8.890168136207111e-13,0,0,441.23595505617976,13213.201090299115,ATXN2;VCP;FUS;HNRNPA2B1;MATR3;TARDBP;HNRNPA1;UBQLN2
KEGG_2021_Human,Pathways of neurodegeneration,4/475,3.60070974057363e-05,0.00016203193832581335,0,0,33.15498938428875,339.235037657737,ATXN2;VCP;FUS;TARDBP
KEGG_2021_Human,mRNA surveillance pathway,2/98,0.0008365989320929864,0.0025097967962789,0,0,59.211309523809526,419.5811550666976,FUS;TARDBP
KEGG_2021_Human,Spliceosome,2/150,0.0019432269245114,0.0043722605801506,0,0,38.30694980694981,239.1658143943945,FUS;HNRNPA1
KEGG_2021_Human,Protein processing in endoplasmic reticulum,2/171,0.0025151300687134,0.0044500945410832,0,0,33.51141166525782,200.5802341783647,VCP;UBQLN2
KEGG_2021_Human,RNA transport,2/186,0.0029667296940554,0.0044500945410832,0,0,30.756211180124225,179.01022356388702,FUS;TARDBP
KEGG_2021_Human,Legionellosis,1/57,0.0253643702549551,0.0326113331849424,0,0,44.49776785714285,163.5030358762894,VCP
KEGG_2021_Human,Spinocerebellar ataxia,1/143,0.0625518602626418,0.0703708427954721,0,0,17.472711267605632,48.430149988919815,ATXN2
KEGG_2021_Human,Transcriptional misregulation in cancer,1/192,0.0831712032407706,0.0831712032407706,0,0,12.958115183246074,32.224941948972926,FUS
