Gene_set,Term,Overlap,P-value,Adjusted P-value,Old P-value,Old Adjusted P-value,Odds Ratio,Combined Score,Genes
KEGG_2021_Human,Amyotrophic lateral sclerosis,7/364,7.14997793947911e-11,5.719982351583288e-10,0,0,128.3202614379085,2997.7315563043976,GLE1;ATXN2;FUS;HNRNPA2B1;ANG;MATR3;HNRNPA1
KEGG_2021_Human,mRNA surveillance pathway,2/98,0.0010424119627603,0.0041696478510415,0,0,51.80729166666666,355.7201614766498,GLE1;FUS
KEGG_2021_Human,Spliceosome,2/150,0.0024171012251306,0.0062748695640003,0,0,33.516891891891895,201.94551776695783,FUS;HNRNPA1
KEGG_2021_Human,RNA transport,2/186,0.0036857864777964,0.0062748695640003,0,0,26.910326086956523,150.78585916343565,GLE1;FUS
KEGG_2021_Human,Transcriptional misregulation in cancer,2/192,0.0039217934775002,0.0062748695640003,0,0,26.05263157894737,144.3630038931358,TAF15;FUS
KEGG_2021_Human,Basal transcription factors,1/45,0.0222783509374741,0.0255152047447639,0,0,50.36868686868687,191.60953052295557,TAF15
KEGG_2021_Human,Pathways of neurodegeneration,2/475,0.0223258041516684,0.0255152047447639,0,0,10.31553911205074,39.21980485870612,ATXN2;FUS
KEGG_2021_Human,Spinocerebellar ataxia,1/143,0.0692576181978487,0.0692576181978487,0,0,15.530516431924882,41.46526951018726,ATXN2
