{
    "algorithm": "edge_betweenness",
    "best_modularity": 0.04137809093343975,
    "communities": [
        [
            "PON1",
            "PON3"
        ],
        [
            "ALS2",
            "CHMP2B",
            "FUS",
            "OPTN",
            "SETX",
            "SOD1",
            "SQSTM1",
            "TARDBP",
            "TBK1",
            "UBQLN2",
            "VAPB",
            "VCP"
        ],
        [
            "SPG11"
        ],
        [
            "PSEN1"
        ],
        [
            "CHCHD10"
        ],
        [
            "CCNF"
        ],
        [
            "TIA1"
        ],
        [
            "MAPT"
        ],
        [
            "MATR3"
        ],
        [
            "HNRNPA1"
        ],
        [
            "HNRNPA2B1"
        ],
        [
            "PPARGC1A"
        ],
        [
            "SIGMAR1"
        ],
        [
            "TREM2"
        ],
        [
            "CYLD"
        ]
    ],
    "modularity_trace": [
        0.023161720760628245,
        0.022955460240410373,
        0.022764160597767178,
        0.022764160597767178,
        0.02214946530101774,
        0.02214946530101774,
        0.02134932500593721,
        0.02134932500593721,
        0.02134932500593721,
        0.01980741318872462,
        0.01980741318872462,
        0.01980741318872462,
        0.027312713655047064,
        0.027312713655047064,
        0.027312713655047064,
        0.024041459539435046,
        0.024041459539435046,
        0.024041459539435046,
        0.024041459539435046,
        0.024041459539435046,
        0.024041459539435046,
        0.016825247326047437,
        0.016825247326047437,
        0.016825247326047437,
        0.016825247326047437,
        0.016825247326047437,
        0.01542400814989121,
        0.01542400814989121,
        0.01542400814989121,
        0.01542400814989121,
        0.023742302860583164,
        0.023742302860583164,
        0.023742302860583164,
        0.023742302860583164,
        0.023742302860583164,
        0.014474333145779844,
        0.014474333145779844,
        0.014474333145779844,
        0.014474333145779844,
        0.03423388086706795,
        0.03423388086706795,
        0.03423388086706795,
        0.03423388086706795,
        0.03423388086706795,
        0.04137809093343975,
        0.04137809093343975,
        0.04137809093343975,
        0.04137809093343975,
        0.04137809093343975,
        0.03849126400677536,
        0.03849126400677536,
        0.03849126400677531,
        0.03849126400677531,
        0.03849126400677536,
        0.03849126400677536,
        0.021969836939076785,
        0.021969836939076785,
        0.021969836939076785,
        0.021969836939076785,
        0.021969836939076785,
        0.021969836939076785,
        0.021969836939076785,
        0.004766917188938547,
        0.0047669171889386025,
        0.0047669171889386025,
        0.0047669171889386025,
        0.0047669171889386025,
        0.0047669171889386025,
        -0.0015348685819744892,
        -0.0015348685819744892,
        -0.0015348685819744892,
        -0.0015348685819744892,
        -0.0015348685819744892,
        -0.0015348685819744892,
        -0.01294784594776808,
        -0.02459736415281474,
        -0.02459736415281474,
        -0.02459736415281474,
        -0.02459736415281474,
        -0.02459736415281474,
        -0.02459736415281474,
        -0.0410274774508581,
        -0.0410274774508581,
        -0.0410274774508581,
        -0.0410274774508581,
        -0.0410274774508581,
        -0.05509284093544828,
        -0.05509284093544828,
        -0.05509284093544828,
        -0.05509284093544828,
        -0.04561839367294471,
        -0.04561839367294471,
        -0.04561839367294471,
        -0.04589335204990735,
        -0.04589335204990735,
        -0.05106407552011587
    ]
}