{
    "algorithm": "edge_betweenness",
    "best_modularity": 0.43169714384872565,
    "communities": [
        [
            "PON1",
            "PON3"
        ],
        [
            "ALS2",
            "CFAP410",
            "NEK1",
            "SETX"
        ],
        [
            "ATXN2",
            "C9orf72",
            "FUS",
            "HNRNPA1",
            "HNRNPA2B1",
            "MATR3",
            "TARDBP",
            "UBQLN2",
            "VCP"
        ],
        [
            "TIA1"
        ],
        [
            "CYLD",
            "OPTN",
            "SOD1",
            "SQSTM1",
            "TBK1"
        ],
        [
            "MAPT",
            "PSEN1",
            "TUBA4A"
        ],
        [
            "KIF5A",
            "NEFH",
            "PRPH"
        ],
        [
            "PPARGC1A"
        ]
    ],
    "modularity_trace": [
        0.24739926649084054,
        0.24739926649084054,
        0.3122239840692701,
        0.3073379361149251,
        0.302019136686794,
        0.302019136686794,
        0.302019136686794,
        0.302019136686794,
        0.302019136686794,
        0.302019136686794,
        0.43169714384872565,
        0.43169714384872565,
        0.4076902814255334,
        0.387221717506157,
        0.387221717506157,
        0.3625650045619618,
        0.3625650045619618,
        0.35392998535109493,
        0.35392998535109493,
        0.3254727073619828,
        0.3254727073619828,
        0.30516640796595207,
        0.2827720626707526,
        0.2616125406073298,
        0.2616125406073298,
        0.2616125406073298,
        0.21681656173726543,
        0.19389940791715898,
        0.1723702086836126,
        0.1723702086836126,
        0.1723702086836126,
        0.16086048453280338,
        0.16086048453280338,
        0.16086048453280338,
        0.10676821411394302,
        0.10676821411394304,
        0.0713817206758674,
        0.04943016955383024,
        0.04943016955383024,
        0.016036392091719084,
        0.0004088336602708492,
        -0.022020376102290698,
        -0.04525750368423816
    ]
}